Line,Date,Time,Red,Green,Blue,Tri_X,Tri_Y,Tri_Z
2,3/22/2020,0:46:46,0,0,0,0,0,0
3,3/22/2020,0:46:48,0,0,25,0.0017545,0.0007018,0.0092403
4,3/22/2020,0:46:50,0,0,51,0.0059748,0.0023899,0.0314671
5,3/22/2020,0:46:53,0,0,76,0.0130437,0.0052175,0.0686967
6,3/22/2020,0:46:55,0,0,102,0.0239802,0.0095921,0.1262956
7,3/22/2020,0:46:57,0,0,127,0.0383036,0.0153214,0.2017322
8,3/22/2020,0:46:59,0,0,153,0.0574916,0.0229966,0.302789
9,3/22/2020,0:47:02,0,0,178,0.0803503,0.0321401,0.423178
10,3/22/2020,0:47:04,0,0,204,0.1089792,0.0435917,0.5739573
11,3/22/2020,0:47:06,0,0,229,0.1414135,0.0565654,0.7447779
12,3/22/2020,0:47:08,0,0,255,0.1804808,0.0721923,0.9505322
13,3/22/2020,0:47:11,0,25,0,0.0034762,0.0069523,0.0011587
14,3/22/2020,0:47:13,0,25,25,0.0052306,0.0076541,0.010399
15,3/22/2020,0:47:15,0,25,51,0.0094509,0.0093422,0.0326259
16,3/22/2020,0:47:17,0,25,76,0.0165198,0.0121698,0.0698554
17,3/22/2020,0:47:19,0,25,102,0.0274563,0.0165444,0.1274543
18,3/22/2020,0:47:22,0,25,127,0.0417797,0.0222737,0.2028909
19,3/22/2020,0:47:24,0,25,153,0.0609677,0.0299489,0.3039477
20,3/22/2020,0:47:26,0,25,178,0.0838264,0.0390924,0.4243368
21,3/22/2020,0:47:28,0,25,204,0.1124554,0.050544,0.575116
22,3/22/2020,0:47:31,0,25,229,0.1448897,0.0635177,0.7459366
23,3/22/2020,0:47:33,0,25,255,0.1839569,0.0791446,0.9516909
24,3/22/2020,0:47:35,0,51,0,0.0118377,0.0236755,0.0039459
25,3/22/2020,0:47:37,0,51,25,0.0135922,0.0243773,0.0131862
26,3/22/2020,0:47:40,0,51,51,0.0178125,0.0260654,0.0354131
27,3/22/2020,0:47:42,0,51,76,0.0248814,0.028893,0.0726426
28,3/22/2020,0:47:44,0,51,102,0.0358179,0.0332676,0.1302415
29,3/23/2020,1:47:44,0,51,127,0.0501413,0.0389969,0.2056781
30,3/24/2020,2:47:44,0,51,153,0.0693293,0.0466721,0.3067349
31,3/25/2020,3:47:44,0,51,178,0.092188,0.0558156,0.427124
32,3/26/2020,4:47:44,0,51,204,0.120817,0.0672672,0.5779032
33,3/27/2020,5:47:44,0,51,229,0.1532513,0.0802409,0.7487238
34,3/28/2020,6:47:44,0,51,255,0.1923185,0.0958678,0.9544781
35,3/29/2020,7:47:44,0,76,0,0.0258433,0.0516866,0.0086144
36,3/30/2020,8:47:44,0,76,25,0.0275978,0.0523884,0.0178548
37,3/31/2020,9:47:44,0,76,51,0.0318181,0.0540765,0.0400816
38,4/1/2020,10:47:44,0,76,76,0.038887,0.056904,0.0773111
39,4/2/2020,11:47:44,0,76,102,0.0498235,0.0612786,0.13491
40,4/3/2020,12:47:44,0,76,127,0.0641469,0.067008,0.2103466
41,4/4/2020,13:47:44,0,76,153,0.0833349,0.0746832,0.3114034
42,4/5/2020,14:47:44,0,76,178,0.1061935,0.0838267,0.4317925
43,4/6/2020,15:47:44,0,76,204,0.1348225,0.0952783,0.5825717
44,4/7/2020,16:47:44,0,76,229,0.1672568,0.108252,0.7533923
45,4/8/2020,17:47:44,0,76,255,0.2063241,0.1238789,0.9591466
46,4/9/2020,18:47:44,0,102,0,0.0475116,0.0950233,0.0158372
47,4/10/2020,19:47:44,0,102,25,0.0492661,0.0957251,0.0250775
48,4/11/2020,20:47:44,0,102,51,0.0534864,0.0974132,0.0473044
49,4/12/2020,21:47:44,0,102,76,0.0605553,0.1002407,0.0845339
50,4/13/2020,22:47:44,0,102,102,0.0714918,0.1046153,0.1421328
51,4/14/2020,23:47:44,0,102,127,0.0858152,0.1103447,0.2175694
52,4/15/2020,0:47:44,0,102,153,0.1050032,0.1180199,0.3186262
53,4/16/2020,1:47:44,0,102,178,0.1278619,0.1271634,0.4390153
54,4/17/2020,2:47:44,0,102,204,0.1564909,0.138615,0.5897945
55,4/18/2020,3:47:44,0,102,229,0.1889251,0.1515887,0.7606151
56,4/19/2020,4:47:44,0,102,255,0.2279924,0.1672156,0.9663694
57,4/20/2020,5:47:44,0,127,0,0.0758904,0.1517808,0.0252968
58,4/21/2020,6:47:44,0,127,25,0.0776449,0.1524826,0.0345371
59,4/22/2020,7:47:44,0,127,51,0.0818652,0.1541707,0.0567639
60,4/23/2020,8:47:44,0,127,76,0.0889341,0.1569983,0.0939935
61,4/24/2020,9:47:44,0,127,102,0.0998706,0.1613729,0.1515924
62,4/25/2020,10:47:44,0,127,127,0.114194,0.1671022,0.227029
63,4/26/2020,11:47:44,0,127,153,0.133382,0.1747774,0.3280858
64,4/27/2020,12:47:44,0,127,178,0.1562407,0.1839209,0.4484748
65,4/28/2020,13:47:44,0,127,204,0.1848696,0.1953725,0.5992541
66,4/29/2020,14:47:44,0,127,229,0.2173039,0.2083462,0.7700747
67,4/30/2020,15:47:44,0,127,255,0.2563712,0.2239731,0.975829
68,5/1/2020,16:47:44,0,153,0,0.1139073,0.2278147,0.0379691
69,5/2/2020,17:47:44,0,153,25,0.1156618,0.2285165,0.0472094
70,5/3/2020,18:47:44,0,153,51,0.1198821,0.2302046,0.0694363
71,5/4/2020,19:47:44,0,153,76,0.126951,0.2330322,0.1066658
72,5/5/2020,20:47:44,0,153,102,0.1378875,0.2374068,0.1642647
73,5/6/2020,21:47:44,0,153,127,0.1522109,0.2431361,0.2397013
74,5/7/2020,22:47:44,0,153,153,0.1713989,0.2508113,0.3407581
75,5/8/2020,23:47:44,0,153,178,0.1942576,0.2599548,0.4611472
76,5/9/2020,0:47:44,0,153,204,0.2228866,0.2714064,0.6119264
77,5/10/2020,1:47:44,0,153,229,0.2553209,0.2843801,0.782747
78,5/11/2020,2:47:44,0,153,255,0.2943881,0.300007,0.9885013
79,5/12/2020,3:47:44,0,178,0,0.159197,0.318394,0.0530657
80,5/13/2020,4:47:44,0,178,25,0.1609515,0.3190957,0.062306
81,5/14/2020,5:47:44,0,178,51,0.1651717,0.3207839,0.0845328
82,5/15/2020,6:47:44,0,178,76,0.1722407,0.3236114,0.1217624
83,5/16/2020,7:47:44,0,178,102,0.1831772,0.327986,0.1793613
84,5/17/2020,8:47:44,0,178,127,0.1975005,0.3337154,0.2547978
85,5/18/2020,9:47:44,0,178,153,0.2166885,0.3413906,0.3558546
86,5/19/2020,10:47:44,0,178,178,0.2395472,0.3505341,0.4762437
87,5/20/2020,11:47:44,0,178,204,0.2681762,0.3619856,0.627023
88,5/21/2020,12:47:44,0,178,229,0.3006105,0.3749594,0.7978435
89,5/22/2020,13:47:44,0,178,255,0.3396778,0.3905863,1.0035978
90,5/23/2020,14:47:44,0,204,0,0.2159192,0.4318384,0.0719731
91,5/24/2020,15:47:44,0,204,25,0.2176737,0.4325402,0.0812134
92,5/25/2020,16:47:44,0,204,51,0.221894,0.4342283,0.1034402
93,5/26/2020,17:47:44,0,204,76,0.2289629,0.4370559,0.1406698
94,5/27/2020,18:47:44,0,204,102,0.2398994,0.4414305,0.1982687
95,5/28/2020,19:47:44,0,204,127,0.2542228,0.4471598,0.2737052
96,5/29/2020,20:47:44,0,204,153,0.2734108,0.454835,0.374762
97,5/30/2020,21:47:44,0,204,178,0.2962695,0.4639785,0.4951511
98,5/31/2020,22:47:44,0,204,204,0.3248984,0.4754301,0.6459304
99,6/1/2020,23:47:44,0,204,229,0.3573327,0.4884038,0.8167509
100,6/2/2020,0:47:44,0,204,255,0.3964,0.5040307,1.0225052
101,6/3/2020,1:47:44,0,229,0,0.2801808,0.5603617,0.0933936
102,6/4/2020,2:47:44,0,229,25,0.2819353,0.5610635,0.1026339
103,6/5/2020,3:47:44,0,229,51,0.2861556,0.5627516,0.1248608
104,6/6/2020,4:47:44,0,229,76,0.2932245,0.5655792,0.1620903
105,6/7/2020,5:47:44,0,229,102,0.304161,0.5699538,0.2196892
106,6/8/2020,6:47:44,0,229,127,0.3184844,0.5756831,0.2951258
107,6/9/2020,7:47:44,0,229,153,0.3376724,0.5833583,0.3961826
108,6/10/2020,8:47:44,0,229,178,0.3605311,0.5925018,0.5165717
109,6/11/2020,9:47:44,0,229,204,0.3891601,0.6039534,0.6673509
110,6/12/2020,10:47:44,0,229,229,0.4215944,0.6169271,0.8381715
111,6/13/2020,11:47:44,0,229,255,0.4606616,0.632554,1.0439258
112,6/14/2020,12:47:44,0,255,0,0.3575843,0.7151687,0.1191948
113,6/15/2020,13:47:44,0,255,25,0.3593388,0.7158705,0.1284351
114,6/16/2020,14:47:44,0,255,51,0.3635591,0.7175586,0.1506619
115,6/17/2020,15:47:44,0,255,76,0.370628,0.7203862,0.1878915
116,6/18/2020,16:47:44,0,255,102,0.3815645,0.7247608,0.2454904
117,6/19/2020,17:47:44,0,255,127,0.3958879,0.7304901,0.3209269
118,6/20/2020,18:47:44,0,255,153,0.4150759,0.7381653,0.4219837
119,6/21/2020,19:47:44,0,255,178,0.4379346,0.7473088,0.5423728
120,6/22/2020,20:47:44,0,255,204,0.4665636,0.7587604,0.6931521
121,6/23/2020,21:47:44,0,255,229,0.4989979,0.7717341,0.8639726
122,6/24/2020,22:47:44,0,255,255,0.5380651,0.787361,1.0697269
123,6/25/2020,23:47:44,25,0,0,0.0040089,0.0020671,0.0001879
124,6/26/2020,0:47:44,25,0,25,0.0057634,0.0027689,0.0094282
125,6/27/2020,1:47:44,25,0,51,0.0099837,0.004457,0.0316551
126,6/28/2020,2:47:44,25,0,76,0.0170526,0.0072846,0.0688846
127,6/29/2020,3:47:44,25,0,102,0.0279891,0.0116592,0.1264835
128,6/30/2020,4:47:44,25,0,127,0.0423125,0.0173885,0.2019201
129,7/1/2020,5:47:44,25,0,153,0.0615005,0.0250637,0.3029769
130,7/2/2020,6:47:44,25,0,178,0.0843592,0.0342072,0.423366
131,7/3/2020,7:47:44,25,0,204,0.1129882,0.0456588,0.5741452
132,7/4/2020,8:47:44,25,0,229,0.1454225,0.0586325,0.7449658
133,7/5/2020,9:47:44,25,0,255,0.1844897,0.0742594,0.9507201
134,7/6/2020,10:47:44,51,0,0,0.0136521,0.0070394,0.0006399
135,7/7/2020,11:47:44,51,0,25,0.0154066,0.0077412,0.0098803
136,7/8/2020,12:47:44,51,0,51,0.0196269,0.0094293,0.0321071
137,7/9/2020,13:47:44,51,0,76,0.0266958,0.0122568,0.0693367
138,7/10/2020,14:47:44,51,0,102,0.0376323,0.0166314,0.1269356
139,7/11/2020,15:47:44,51,0,127,0.0519557,0.0223608,0.2023721
140,7/12/2020,16:47:44,51,0,153,0.0711437,0.030036,0.3034289
141,7/13/2020,17:47:44,51,0,178,0.0940024,0.0391795,0.423818
142,7/14/2020,18:47:44,51,0,204,0.1226313,0.0506311,0.5745972
143,7/15/2020,19:47:44,51,0,229,0.1550656,0.0636048,0.7454178
144,7/16/2020,20:47:44,51,0,255,0.1941329,0.0792317,0.9511721
145,7/17/2020,21:47:44,76,0,0,0.0298042,0.0153678,0.0013971
146,7/18/2020,22:47:44,76,0,25,0.0315587,0.0160696,0.0106374
147,7/19/2020,23:47:44,76,0,51,0.035779,0.0177577,0.0328642
148,7/20/2020,0:47:44,76,0,76,0.0428479,0.0205853,0.0700938
149,7/21/2020,1:47:44,76,0,102,0.0537844,0.0249599,0.1276927
150,7/22/2020,2:47:44,76,0,127,0.0681078,0.0306892,0.2031292
151,7/23/2020,3:47:44,76,0,153,0.0872958,0.0383644,0.304186
152,7/24/2020,4:47:44,76,0,178,0.1101545,0.0475079,0.4245751
153,7/25/2020,5:47:44,76,0,204,0.1387835,0.0589595,0.5753544
154,7/26/2020,6:47:44,76,0,229,0.1712178,0.0719332,0.7461749
155,7/27/2020,7:47:44,76,0,255,0.210285,0.0875601,0.9519292
156,7/28/2020,8:47:44,102,0,0,0.0547937,0.028253,0.0025685
157,7/29/2020,9:47:44,102,0,25,0.0565482,0.0289548,0.0118088
158,7/30/2020,10:47:44,102,0,51,0.0607684,0.0306429,0.0340356
159,7/31/2020,11:47:44,102,0,76,0.0678374,0.0334705,0.0712652
160,8/1/2020,12:47:44,102,0,102,0.0787739,0.0378451,0.1288641
161,8/2/2020,13:47:44,102,0,127,0.0930972,0.0435744,0.2043006
162,8/3/2020,14:47:44,102,0,153,0.1122852,0.0512496,0.3053574
163,8/4/2020,15:47:44,102,0,178,0.1351439,0.0603931,0.4257465
164,8/5/2020,16:47:44,102,0,204,0.1637729,0.0718447,0.5765258
165,8/6/2020,17:47:44,102,0,229,0.1962072,0.0848184,0.7473463
166,8/7/2020,18:47:44,102,0,255,0.2352745,0.1004453,0.9531006
167,8/8/2020,19:47:44,127,0,0,0.087522,0.0451285,0.0041026
168,8/9/2020,20:47:44,127,0,25,0.0892765,0.0458303,0.0133429
169,8/10/2020,21:47:44,127,0,51,0.0934968,0.0475184,0.0355697
170,8/11/2020,22:47:44,127,0,76,0.1005657,0.050346,0.0727993
171,8/12/2020,23:47:44,127,0,102,0.1115022,0.0547206,0.1303982
172,8/13/2020,0:47:44,127,0,127,0.1258256,0.06045,0.2058348
173,8/14/2020,1:47:44,127,0,153,0.1450136,0.0681252,0.3068915
174,8/15/2020,2:47:44,127,0,178,0.1678723,0.0772686,0.4272806
175,8/16/2020,3:47:44,127,0,204,0.1965012,0.0887202,0.5780599
176,8/17/2020,4:47:44,127,0,229,0.2289355,0.1016939,0.7488805
177,8/18/2020,5:47:44,127,0,255,0.2680028,0.1173209,0.9546347
178,8/19/2020,6:47:44,153,0,0,0.1313658,0.0677355,0.0061578
179,8/20/2020,7:47:44,153,0,25,0.1331203,0.0684373,0.0153981
180,8/21/2020,8:47:44,153,0,51,0.1373405,0.0701254,0.0376249
181,8/22/2020,9:47:44,153,0,76,0.1444094,0.0729529,0.0748545
182,8/23/2020,10:47:44,153,0,102,0.1553459,0.0773275,0.1324534
183,8/24/2020,11:47:44,153,0,127,0.1696693,0.0830569,0.2078899
184,8/25/2020,12:47:44,153,0,153,0.1888573,0.0907321,0.3089467
185,8/26/2020,13:47:44,153,0,178,0.211716,0.0998756,0.4293358
186,8/27/2020,14:47:44,153,0,204,0.240345,0.1113272,0.5801151
187,8/28/2020,15:47:44,153,0,229,0.2727793,0.1243009,0.7509356
188,8/29/2020,16:47:44,153,0,255,0.3118465,0.1399278,0.9566899
189,8/30/2020,17:47:44,178,0,0,0.1835969,0.0946671,0.0086061
190,8/31/2020,18:47:44,178,0,25,0.1853514,0.0953689,0.0178464
191,9/1/2020,19:47:44,178,0,51,0.1895717,0.097057,0.0400732
192,9/2/2020,20:47:44,178,0,76,0.1966406,0.0998846,0.0773028
193,9/3/2020,21:47:44,178,0,102,0.2075771,0.1042592,0.1349017
194,9/4/2020,22:47:44,178,0,127,0.2219005,0.1099886,0.2103383
195,9/5/2020,23:47:44,178,0,153,0.2410885,0.1176638,0.3113951
196,9/6/2020,0:47:44,178,0,178,0.2639471,0.1268072,0.4317842
197,9/7/2020,1:47:44,178,0,204,0.2925761,0.1382588,0.5825634
198,9/8/2020,2:47:44,178,0,229,0.3250104,0.1512325,0.753384
199,9/9/2020,3:47:44,178,0,255,0.3640777,0.1668595,0.9591383
200,9/10/2020,4:47:44,204,0,0,0.2490128,0.1283972,0.0116725
201,9/11/2020,5:47:44,204,0,25,0.2507673,0.129099,0.0209128
202,9/12/2020,6:47:44,204,0,51,0.2549876,0.1307872,0.0431396
203,9/13/2020,7:47:44,204,0,76,0.2620565,0.1336147,0.0803692
204,9/14/2020,8:47:44,204,0,102,0.272993,0.1379893,0.1379681
205,9/15/2020,9:47:44,204,0,127,0.2873164,0.1437187,0.2134046
206,9/16/2020,10:47:44,204,0,153,0.3065044,0.1513939,0.3144614
207,9/17/2020,11:47:44,204,0,178,0.3293631,0.1605374,0.4348505
208,9/18/2020,12:47:44,204,0,204,0.3579921,0.1719889,0.5856298
209,9/19/2020,13:47:44,204,0,229,0.3904264,0.1849627,0.7564503
210,9/20/2020,14:47:44,204,0,255,0.4294936,0.2005896,0.9622046
211,9/21/2020,15:47:44,229,0,0,0.3231238,0.1666107,0.0151464
212,9/22/2020,16:47:44,229,0,25,0.3248783,0.1673125,0.0243868
213,9/23/2020,17:47:44,229,0,51,0.3290986,0.1690006,0.0466136
214,9/24/2020,18:47:44,229,0,76,0.3361675,0.1718282,0.0838431
215,9/25/2020,19:47:44,229,0,102,0.347104,0.1762028,0.141442
216,9/26/2020,20:47:44,229,0,127,0.3614274,0.1819321,0.2168786
217,9/27/2020,21:47:44,229,0,153,0.3806153,0.1896073,0.3179354
218,9/28/2020,22:47:44,229,0,178,0.403474,0.1987508,0.4383245
219,9/29/2020,23:47:44,229,0,204,0.432103,0.2102024,0.5891037
220,9/30/2020,0:47:44,229,0,229,0.4645373,0.2231761,0.7599243
221,10/1/2020,1:47:44,229,0,255,0.5036046,0.238803,0.9656786
222,10/2/2020,2:47:44,255,0,0,0.4123908,0.212639,0.0193308
223,10/3/2020,3:47:44,255,0,25,0.4141453,0.2133408,0.0285711
224,10/4/2020,4:47:44,255,0,51,0.4183656,0.2150289,0.050798
225,10/5/2020,5:47:44,255,0,76,0.4254345,0.2178565,0.0880275
226,10/6/2020,6:47:44,255,0,102,0.436371,0.2222311,0.1456264
227,10/7/2020,7:47:44,255,0,127,0.4506944,0.2279604,0.221063
228,10/8/2020,8:47:44,255,0,153,0.4698824,0.2356356,0.3221198
229,10/9/2020,9:47:44,255,0,178,0.4927411,0.2447791,0.4425089
230,10/10/2020,10:47:44,255,0,204,0.52137,0.2562307,0.5932881
231,10/11/2020,11:47:44,255,0,229,0.5538043,0.2692044,0.7641087
232,10/12/2020,12:47:44,255,0,255,0.5928716,0.2848313,0.969863
233,10/13/2020,13:47:44,25,25,0,0.0074851,0.0090194,0.0013466
234,10/14/2020,14:47:44,25,51,0,0.0158467,0.0257426,0.0041338
235,10/15/2020,15:47:44,25,76,0,0.0298522,0.0537537,0.0088023
236,10/16/2020,16:47:44,25,102,0,0.0515206,0.0970904,0.0160251
237,10/17/2020,17:47:44,25,127,0,0.0798993,0.1538479,0.0254847
238,10/18/2020,18:47:44,25,153,0,0.1179163,0.2298818,0.038157
239,10/19/2020,19:47:44,25,178,0,0.1632059,0.3204611,0.0532536
240,10/20/2020,20:47:44,25,204,0,0.2199281,0.4339055,0.072161
241,10/21/2020,21:47:44,25,229,0,0.2841898,0.5624288,0.0935815
242,10/22/2020,22:47:44,25,255,0,0.3615933,0.7172358,0.1193827
243,10/23/2020,23:47:44,51,25,0,0.0171283,0.0139917,0.0017987
244,10/24/2020,0:47:44,51,51,0,0.0254898,0.0307149,0.0045859
245,10/25/2020,1:47:44,51,76,0,0.0394954,0.0587259,0.0092544
246,10/26/2020,2:47:44,51,102,0,0.0611637,0.1020626,0.0164772
247,10/27/2020,3:47:44,51,127,0,0.0895425,0.1588202,0.0259367
248,10/28/2020,4:47:44,51,153,0,0.1275594,0.234854,0.0386091
249,10/29/2020,5:47:44,51,178,0,0.1728491,0.3254333,0.0537056
250,10/30/2020,6:47:44,51,204,0,0.2295713,0.4388778,0.072613
251,10/31/2020,7:47:44,51,229,0,0.2938329,0.5674011,0.0940336
252,11/1/2020,8:47:44,51,255,0,0.3712364,0.722208,0.1198347
253,11/2/2020,9:47:44,76,25,0,0.0332804,0.0223201,0.0025558
254,11/3/2020,10:47:44,76,51,0,0.041642,0.0390433,0.005343
255,11/4/2020,11:47:44,76,76,0,0.0556475,0.0670544,0.0100115
256,11/5/2020,12:47:44,76,102,0,0.0773159,0.1103911,0.0172343
257,11/6/2020,13:47:44,76,127,0,0.1056946,0.1671486,0.0266939
258,11/7/2020,14:47:44,76,153,0,0.1437116,0.2431825,0.0393662
259,11/8/2020,15:47:44,76,178,0,0.1890012,0.3337618,0.0544627
260,11/9/2020,16:47:44,76,204,0,0.2457234,0.4472062,0.0733701
261,11/10/2020,17:47:44,76,229,0,0.3099851,0.5757295,0.0947907
262,11/11/2020,18:47:44,76,255,0,0.3873886,0.7305365,0.1205919
263,11/12/2020,19:47:44,102,25,0,0.0582698,0.0352053,0.0037272
264,11/13/2020,20:47:44,102,51,0,0.0666314,0.0519285,0.0065144
265,11/14/2020,21:47:44,102,76,0,0.080637,0.0799396,0.0111829
266,11/15/2020,22:47:44,102,102,0,0.1023053,0.1232762,0.0184057
267,11/16/2020,23:47:44,102,127,0,0.1306841,0.1800338,0.0278653
268,11/17/2020,0:47:44,102,153,0,0.168701,0.2560677,0.0405376
269,11/18/2020,1:47:44,102,178,0,0.2139906,0.3466469,0.0556341
270,11/19/2020,2:47:44,102,204,0,0.2707129,0.4600914,0.0745415
271,11/20/2020,3:47:44,102,229,0,0.3349745,0.5886147,0.0959621
272,11/21/2020,4:47:44,102,255,0,0.412378,0.7434217,0.1217632
273,11/22/2020,5:47:44,127,25,0,0.0909982,0.0520808,0.0052613
274,11/23/2020,6:47:44,127,51,0,0.0993598,0.068804,0.0080485
275,11/24/2020,7:47:44,127,76,0,0.1133653,0.0968151,0.012717
276,11/25/2020,8:47:44,127,102,0,0.1350336,0.1401518,0.0199398
277,11/26/2020,9:47:44,127,127,0,0.1634124,0.1969093,0.0293994
278,11/27/2020,10:47:44,127,153,0,0.2014294,0.2729432,0.0420717
279,11/28/2020,11:47:44,127,178,0,0.246719,0.3635225,0.0571683
280,11/29/2020,12:47:44,127,204,0,0.3034412,0.4769669,0.0760757
281,11/30/2020,13:47:44,127,229,0,0.3677029,0.6054902,0.0974962
282,12/1/2020,14:47:44,127,255,0,0.4451064,0.7602972,0.1232974
283,12/2/2020,15:47:44,153,25,0,0.1348419,0.0746878,0.0073165
284,12/3/2020,16:47:44,153,51,0,0.1432035,0.091411,0.0101037
285,12/4/2020,17:47:44,153,76,0,0.157209,0.119422,0.0147722
286,12/5/2020,18:47:44,153,102,0,0.1788774,0.1627587,0.021995
287,12/6/2020,19:47:44,153,127,0,0.2072562,0.2195163,0.0314546
288,12/7/2020,20:47:44,153,153,0,0.2452731,0.2955501,0.0441269
289,12/8/2020,21:47:44,153,178,0,0.2905627,0.3861294,0.0592234
290,12/9/2020,22:47:44,153,204,0,0.347285,0.4995739,0.0781308
291,12/10/2020,23:47:44,153,229,0,0.4115466,0.6280972,0.0995514
292,12/11/2020,0:47:44,153,255,0,0.4889501,0.7829041,0.1253525
293,12/12/2020,1:47:44,178,25,0,0.187073,0.1016194,0.0097648
294,12/13/2020,2:47:44,178,51,0,0.1954346,0.1183426,0.012552
295,12/14/2020,3:47:44,178,76,0,0.2094402,0.1463537,0.0172205
296,12/15/2020,4:47:44,178,102,0,0.2311085,0.1896904,0.0244433
297,12/16/2020,5:47:44,178,127,0,0.2594873,0.2464479,0.0339029
298,12/17/2020,6:47:44,178,153,0,0.2975042,0.3224818,0.0465752
299,12/18/2020,7:47:44,178,178,0,0.3427939,0.4130611,0.0616718
300,12/19/2020,8:47:44,178,204,0,0.3995161,0.5265055,0.0805792
301,12/20/2020,9:47:44,178,229,0,0.4637777,0.6550288,0.1019997
302,12/21/2020,10:47:44,178,255,0,0.5411812,0.8098358,0.1278009
303,12/22/2020,11:47:44,204,25,0,0.252489,0.1353496,0.0128312
304,12/23/2020,12:47:44,204,51,0,0.2608506,0.1520727,0.0156184
305,12/24/2020,13:47:44,204,76,0,0.2748561,0.1800838,0.0202869
306,12/25/2020,14:47:44,204,102,0,0.2965245,0.2234205,0.0275097
307,12/26/2020,15:47:44,204,127,0,0.3249032,0.280178,0.0369693
308,12/27/2020,16:47:44,204,153,0,0.3629202,0.3562119,0.0496416
309,12/28/2020,17:47:44,204,178,0,0.4082098,0.4467912,0.0647381
310,12/29/2020,18:47:44,204,204,0,0.464932,0.5602356,0.0836455
311,12/30/2020,19:47:44,204,229,0,0.5291937,0.6887589,0.1050661
312,12/31/2020,20:47:44,204,255,0,0.6065972,0.8435659,0.1308673
313,1/1/2021,21:47:44,229,25,0,0.3265999,0.173563,0.0163051
314,1/2/2021,22:47:44,229,51,0,0.3349615,0.1902862,0.0190923
315,1/3/2021,23:47:44,229,76,0,0.3489671,0.2182973,0.0237609
316,1/4/2021,0:47:44,229,102,0,0.3706354,0.261634,0.0309836
317,1/5/2021,1:47:44,229,127,0,0.3990142,0.3183915,0.0404432
318,1/6/2021,2:47:44,229,153,0,0.4370311,0.3944254,0.0531155
319,1/7/2021,3:47:44,229,178,0,0.4823208,0.4850046,0.0682121
320,1/8/2021,4:47:44,229,204,0,0.539043,0.5984491,0.0871195
321,1/9/2021,5:47:44,229,229,0,0.6033046,0.7269724,0.10854
322,1/10/2021,6:47:44,229,255,0,0.6807081,0.8817794,0.1343412
323,1/11/2021,7:47:44,255,25,0,0.415867,0.2195913,0.0204895
324,1/12/2021,8:47:44,255,51,0,0.4242285,0.2363145,0.0232767
325,1/13/2021,9:47:44,255,76,0,0.4382341,0.2643256,0.0279452
326,1/14/2021,10:47:44,255,102,0,0.4599024,0.3076623,0.035168
327,1/15/2021,11:47:44,255,127,0,0.4882812,0.3644198,0.0446276
328,1/16/2021,12:47:44,255,153,0,0.5262981,0.4404537,0.0572999
329,1/17/2021,13:47:44,255,178,0,0.5715878,0.531033,0.0723965
330,1/18/2021,14:47:44,255,204,0,0.62831,0.6444774,0.0913039
331,1/19/2021,15:47:44,255,229,0,0.6925716,0.7730007,0.1127244
332,1/20/2021,16:47:44,255,255,0,0.7699751,0.9278077,0.1385256
333,1/21/2021,17:47:44,255,25,25,0.4176214,0.2202931,0.0297299
334,1/22/2021,18:47:44,255,25,51,0.4218417,0.2219812,0.0519567
335,1/23/2021,19:47:44,255,25,76,0.4289106,0.2248088,0.0891863
336,1/24/2021,20:47:44,255,25,102,0.4398471,0.2291834,0.1467851
337,1/25/2021,21:47:44,255,25,127,0.4541705,0.2349127,0.2222217
338,1/26/2021,22:47:44,255,25,153,0.4733585,0.2425879,0.3232785
339,1/27/2021,23:47:44,255,25,178,0.4962172,0.2517314,0.4436676
340,1/28/2021,0:47:44,255,25,204,0.5248462,0.263183,0.5944468
341,1/29/2021,1:47:44,255,25,229,0.5572805,0.2761567,0.7652674
342,1/30/2021,2:47:44,255,25,255,0.5963477,0.2917836,0.9710217
343,1/31/2021,3:47:44,255,51,25,0.425983,0.2370163,0.0325171
344,2/1/2021,4:47:44,255,51,51,0.4302033,0.2387044,0.0547439
345,2/2/2021,5:47:44,255,51,76,0.4372722,0.241532,0.0919735
346,2/3/2021,6:47:44,255,51,102,0.4482087,0.2459066,0.1495723
347,2/4/2021,7:47:44,255,51,127,0.4625321,0.2516359,0.2250089
348,2/5/2021,8:47:44,255,51,153,0.4817201,0.2593111,0.3260657
349,2/6/2021,9:47:44,255,51,178,0.5045788,0.2684546,0.4464548
350,2/7/2021,10:47:44,255,51,204,0.5332078,0.2799062,0.597234
351,2/8/2021,11:47:44,255,51,229,0.5656421,0.2928799,0.7680546
352,2/9/2021,12:47:44,255,51,255,0.6047093,0.3085068,0.9738089
353,2/10/2021,13:47:44,255,76,25,0.4399886,0.2650274,0.0371856
354,2/11/2021,14:47:44,255,76,51,0.4442089,0.2667155,0.0594124
355,2/12/2021,15:47:44,255,76,76,0.4512778,0.269543,0.096642
356,2/13/2021,16:47:44,255,76,102,0.4622143,0.2739176,0.1542409
357,2/14/2021,17:47:44,255,76,127,0.4765377,0.279647,0.2296774
358,2/15/2021,18:47:44,255,76,153,0.4957257,0.2873222,0.3307342
359,2/16/2021,19:47:44,255,76,178,0.5185843,0.2964657,0.4511233
360,2/17/2021,20:47:44,255,76,204,0.5472133,0.3079173,0.6019025
361,2/18/2021,21:47:44,255,76,229,0.5796476,0.320891,0.7727231
362,2/19/2021,22:47:44,255,76,255,0.6187149,0.3365179,0.9784774
363,2/20/2021,23:47:44,255,102,25,0.4616569,0.3083641,0.0444084
364,2/21/2021,0:47:44,255,102,51,0.4658772,0.3100522,0.0666352
365,2/22/2021,1:47:44,255,102,76,0.4729461,0.3128797,0.1038647
366,2/23/2021,2:47:44,255,102,102,0.4838826,0.3172543,0.1614636
367,2/24/2021,3:47:44,255,102,127,0.498206,0.3229837,0.2369002
368,2/25/2021,4:47:44,255,102,153,0.517394,0.3306589,0.337957
369,2/26/2021,5:47:44,255,102,178,0.5402527,0.3398024,0.4583461
370,2/27/2021,6:47:44,255,102,204,0.5688817,0.351254,0.6091253
371,2/28/2021,7:47:44,255,102,229,0.6013159,0.3642277,0.7799459
372,3/1/2021,8:47:44,255,102,255,0.6403832,0.3798546,0.9857002
373,3/2/2021,9:47:44,255,127,25,0.4900357,0.3651216,0.0538679
374,3/3/2021,10:47:44,255,127,51,0.494256,0.3668097,0.0760948
375,3/4/2021,11:47:44,255,127,76,0.5013249,0.3696373,0.1133243
376,3/5/2021,12:47:44,255,127,102,0.5122614,0.3740119,0.1709232
377,3/6/2021,13:47:44,255,127,127,0.5265848,0.3797412,0.2463598
378,3/7/2021,14:47:44,255,127,153,0.5457728,0.3874164,0.3474166
379,3/8/2021,15:47:44,255,127,178,0.5686315,0.3965599,0.4678057
380,3/9/2021,16:47:44,255,127,204,0.5972604,0.4080115,0.6185849
381,3/10/2021,17:47:44,255,127,229,0.6296947,0.4209852,0.7894055
382,3/11/2021,18:47:44,255,127,255,0.668762,0.4366121,0.9951598
383,3/12/2021,19:47:44,255,153,25,0.5280526,0.4411555,0.0665403
384,3/13/2021,20:47:44,255,153,51,0.5322729,0.4428436,0.0887671
385,3/14/2021,21:47:44,255,153,76,0.5393418,0.4456712,0.1259966
386,3/15/2021,22:47:44,255,153,102,0.5502783,0.4500458,0.1835955
387,3/16/2021,23:47:44,255,153,127,0.5646017,0.4557751,0.2590321
388,3/17/2021,0:47:44,255,153,153,0.5837897,0.4634503,0.3600889
389,3/18/2021,1:47:44,255,153,178,0.6066484,0.4725938,0.480478
390,3/19/2021,2:47:44,255,153,204,0.6352774,0.4840454,0.6312572
391,3/20/2021,3:47:44,255,153,229,0.6677117,0.4970191,0.8020778
392,3/21/2021,4:47:44,255,153,255,0.7067789,0.512646,1.0078321
393,3/22/2021,5:47:44,255,178,25,0.5733423,0.5317348,0.0816368
394,3/23/2021,6:47:44,255,178,51,0.5775625,0.5334229,0.1038636
395,3/24/2021,7:47:44,255,178,76,0.5846315,0.5362504,0.1410932
396,3/25/2021,8:47:44,255,178,102,0.595568,0.540625,0.1986921
397,3/26/2021,9:47:44,255,178,127,0.6098913,0.5463544,0.2741286
398,3/27/2021,10:47:44,255,178,153,0.6290793,0.5540296,0.3751854
399,3/28/2021,11:47:44,255,178,178,0.651938,0.5631731,0.4955745
400,3/29/2021,12:47:44,255,178,204,0.680567,0.5746246,0.6463538
401,3/30/2021,13:47:44,255,178,229,0.7130013,0.5875984,0.8171743
402,3/31/2021,14:47:44,255,178,255,0.7520686,0.6032253,1.0229286
403,4/1/2021,15:47:44,255,204,25,0.6300645,0.6451792,0.1005442
404,4/2/2021,16:47:44,255,204,51,0.6342848,0.6468673,0.122771
405,4/3/2021,17:47:44,255,204,76,0.6413537,0.6496949,0.1600006
406,4/4/2021,18:47:44,255,204,102,0.6522902,0.6540695,0.2175995
407,4/5/2021,19:47:44,255,204,127,0.6666136,0.6597988,0.293036
408,4/6/2021,20:47:44,255,204,153,0.6858016,0.667474,0.3940928
409,4/7/2021,21:47:44,255,204,178,0.7086603,0.6766175,0.5144819
410,4/8/2021,22:47:44,255,204,204,0.7372892,0.6880691,0.6652612
411,4/9/2021,23:47:44,255,204,229,0.7697235,0.7010428,0.8360817
412,4/10/2021,0:47:44,255,204,255,0.8087908,0.7166697,1.041836
413,4/11/2021,1:47:44,255,229,25,0.6943261,0.7737025,0.1219648
414,4/12/2021,2:47:44,255,229,51,0.6985464,0.7753906,0.1441916
415,4/13/2021,3:47:44,255,229,76,0.7056153,0.7782182,0.1814212
416,4/14/2021,4:47:44,255,229,102,0.7165518,0.7825928,0.23902
417,4/15/2021,5:47:44,255,229,127,0.7308752,0.7883221,0.3144566
418,4/16/2021,6:47:44,255,229,153,0.7500632,0.7959973,0.4155134
419,4/17/2021,7:47:44,255,229,178,0.7729219,0.8051408,0.5359025
420,4/18/2021,8:47:44,255,229,204,0.8015509,0.8165924,0.6866817
421,4/19/2021,9:47:44,255,229,229,0.8339852,0.8295661,0.8575023
422,4/20/2021,10:47:44,255,229,255,0.8730524,0.845193,1.0632566
423,4/21/2021,11:47:44,255,255,25,0.7717296,0.9285095,0.1477659
424,4/22/2021,12:47:44,255,255,51,0.7759499,0.9301976,0.1699927
425,4/23/2021,13:47:44,255,255,76,0.7830188,0.9330252,0.2072223
426,4/24/2021,14:47:44,255,255,102,0.7939553,0.9373998,0.2648212
427,4/25/2021,15:47:44,255,255,127,0.8082787,0.9431291,0.3402578
428,4/26/2021,16:47:44,255,255,153,0.8274667,0.9508043,0.4413146
429,4/27/2021,17:47:44,255,255,178,0.8503254,0.9599478,0.5617036
430,4/28/2021,18:47:44,255,255,204,0.8789544,0.9713994,0.7124829
431,4/29/2021,19:47:44,255,255,229,0.9113887,0.9843731,0.8833035
432,4/30/2021,20:47:44,255,255,255,0.9504559,1,1.0890578
433,5/1/2021,21:47:44,25,255,25,0.3633478,0.7179376,0.128623
434,5/2/2021,22:47:44,25,255,51,0.3675681,0.7196257,0.1508498
435,5/3/2021,23:47:44,25,255,76,0.374637,0.7224533,0.1880794
436,5/4/2021,0:47:44,25,255,102,0.3855735,0.7268279,0.2456783
437,5/5/2021,1:47:44,25,255,127,0.3998969,0.7325572,0.3211149
438,5/6/2021,2:47:44,25,255,153,0.4190849,0.7402324,0.4221717
439,5/7/2021,3:47:44,25,255,178,0.4419435,0.7493759,0.5425607
440,5/8/2021,4:47:44,25,255,204,0.4705725,0.7608275,0.69334
441,5/9/2021,5:47:44,25,255,229,0.5030068,0.7738012,0.8641606
442,5/10/2021,6:47:44,25,255,255,0.5420741,0.7894281,1.0699149
443,5/11/2021,7:47:44,51,255,25,0.3729909,0.7229098,0.1290751
444,5/12/2021,8:47:44,51,255,51,0.3772112,0.724598,0.1513019
445,5/13/2021,9:47:44,51,255,76,0.3842801,0.7274255,0.1885314
446,5/14/2021,10:47:44,51,255,102,0.3952166,0.7318001,0.2461303
447,5/15/2021,11:47:44,51,255,127,0.40954,0.7375295,0.3215669
448,5/16/2021,12:47:44,51,255,153,0.428728,0.7452047,0.4226237
449,5/17/2021,13:47:44,51,255,178,0.4515867,0.7543481,0.5430128
450,5/18/2021,14:47:44,51,255,204,0.4802157,0.7657997,0.693792
451,5/19/2021,15:47:44,51,255,229,0.51265,0.7787735,0.8646126
452,5/20/2021,16:47:44,51,255,255,0.5517172,0.7944004,1.0703669
453,5/21/2021,17:47:44,76,255,25,0.3891431,0.7312383,0.1298322
454,5/22/2021,18:47:44,76,255,51,0.3933634,0.7329264,0.152059
455,5/23/2021,19:47:44,76,255,76,0.4004323,0.735754,0.1892886
456,5/24/2021,20:47:44,76,255,102,0.4113688,0.7401286,0.2468875
457,5/25/2021,21:47:44,76,255,127,0.4256922,0.7458579,0.322324
458,5/26/2021,22:47:44,76,255,153,0.4448802,0.7535331,0.4233808
459,5/27/2021,23:47:44,76,255,178,0.4677388,0.7626766,0.5437699
460,5/28/2021,0:47:44,76,255,204,0.4963678,0.7741282,0.6945492
461,5/29/2021,1:47:44,76,255,229,0.5288021,0.7871019,0.8653697
462,5/30/2021,2:47:44,76,255,255,0.5678694,0.8027288,1.071124
463,5/31/2021,3:47:44,102,255,25,0.4141325,0.7441235,0.1310036
464,6/1/2021,4:47:44,102,255,51,0.4183528,0.7458116,0.1532304
465,6/2/2021,5:47:44,102,255,76,0.4254217,0.7486391,0.19046
466,6/3/2021,6:47:44,102,255,102,0.4363582,0.7530137,0.2480588
467,6/4/2021,7:47:44,102,255,127,0.4506816,0.7587431,0.3234954
468,6/5/2021,8:47:44,102,255,153,0.4698696,0.7664183,0.4245522
469,6/6/2021,9:47:44,102,255,178,0.4927283,0.7755618,0.5449413
470,6/7/2021,10:47:44,102,255,204,0.5213572,0.7870134,0.6957205
471,6/8/2021,11:47:44,102,255,229,0.5537915,0.7999871,0.8665411
472,6/9/2021,12:47:44,102,255,255,0.5928588,0.815614,1.0722954
473,6/10/2021,13:47:44,127,255,25,0.4468608,0.760999,0.1325377
474,6/11/2021,14:47:44,127,255,51,0.4510811,0.7626871,0.1547645
475,6/12/2021,15:47:44,127,255,76,0.45815,0.7655147,0.1919941
476,6/13/2021,16:47:44,127,255,102,0.4690865,0.7698893,0.249593
477,6/14/2021,17:47:44,127,255,127,0.4834099,0.7756186,0.3250295
478,6/15/2021,18:47:44,127,255,153,0.5025979,0.7832938,0.4260863
479,6/16/2021,19:47:44,127,255,178,0.5254566,0.7924373,0.5464754
480,6/17/2021,20:47:44,127,255,204,0.5540856,0.8038889,0.6972547
481,6/18/2021,21:47:44,127,255,229,0.5865199,0.8168626,0.8680752
482,6/19/2021,22:47:44,127,255,255,0.6255871,0.8324895,1.0738295
483,6/20/2021,23:47:44,153,255,25,0.4907046,0.7836059,0.1345929
484,6/21/2021,0:47:44,153,255,51,0.4949249,0.7852941,0.1568197
485,6/22/2021,1:47:44,153,255,76,0.5019938,0.7881216,0.1940493
486,6/23/2021,2:47:44,153,255,102,0.5129303,0.7924962,0.2516482
487,6/24/2021,3:47:44,153,255,127,0.5272537,0.7982256,0.3270847
488,6/25/2021,4:47:44,153,255,153,0.5464417,0.8059008,0.4281415
489,6/26/2021,5:47:44,153,255,178,0.5693004,0.8150443,0.5485306
490,6/27/2021,6:47:44,153,255,204,0.5979293,0.8264958,0.6993098
491,6/28/2021,7:47:44,153,255,229,0.6303636,0.8394696,0.8701304
492,6/29/2021,8:47:44,153,255,255,0.6694309,0.8550965,1.0758847
493,6/30/2021,9:47:44,178,255,25,0.5429357,0.8105376,0.1370412
494,7/1/2021,10:47:44,178,255,51,0.547156,0.8122257,0.159268
495,7/2/2021,11:47:44,178,255,76,0.5542249,0.8150533,0.1964976
496,7/3/2021,12:47:44,178,255,102,0.5651614,0.8194279,0.2540965
497,7/4/2021,13:47:44,178,255,127,0.5794848,0.8251572,0.329533
498,7/5/2021,14:47:44,178,255,153,0.5986728,0.8328324,0.4305898
499,7/6/2021,15:47:44,178,255,178,0.6215315,0.8419759,0.5509789
500,7/7/2021,16:47:44,178,255,204,0.6501604,0.8534275,0.7017582
501,7/8/2021,17:47:44,178,255,229,0.6825947,0.8664012,0.8725787
502,7/9/2021,18:47:44,178,255,255,0.721662,0.8820281,1.078333
503,7/10/2021,19:47:44,204,255,25,0.6083517,0.8442677,0.1401076
504,7/11/2021,20:47:44,204,255,51,0.612572,0.8459558,0.1623344
505,7/12/2021,21:47:44,204,255,76,0.6196409,0.8487834,0.199564
506,7/13/2021,22:47:44,204,255,102,0.6305774,0.853158,0.2571629
507,7/14/2021,23:47:44,204,255,127,0.6449008,0.8588874,0.3325994
508,7/15/2021,0:47:44,204,255,153,0.6640888,0.8665626,0.4336562
509,7/16/2021,1:47:44,204,255,178,0.6869474,0.875706,0.5540453
510,7/17/2021,2:47:44,204,255,204,0.7155764,0.8871576,0.7048246
511,7/18/2021,3:47:44,204,255,229,0.7480107,0.9001313,0.8756451
512,7/19/2021,4:47:44,204,255,255,0.787078,0.9157582,1.0813994
513,7/20/2021,5:47:44,229,255,25,0.6824626,0.8824812,0.1435815
514,7/21/2021,6:47:44,229,255,51,0.6866829,0.8841693,0.1658084
515,7/22/2021,7:47:44,229,255,76,0.6937518,0.8869968,0.2030379
516,7/23/2021,8:47:44,229,255,102,0.7046883,0.8913714,0.2606368
517,7/24/2021,9:47:44,229,255,127,0.7190117,0.8971008,0.3360734
518,7/25/2021,10:47:44,229,255,153,0.7381997,0.904776,0.4371302
519,7/26/2021,11:47:44,229,255,178,0.7610584,0.9139195,0.5575193
520,7/27/2021,12:47:44,229,255,204,0.7896873,0.9253711,0.7082985
521,7/28/2021,13:47:44,229,255,229,0.8221216,0.9383448,0.8791191
522,7/29/2021,14:47:44,229,255,255,0.8611889,0.9539717,1.0848734
523,7/30/2021,15:47:44,25,25,255,0.1879659,0.0812117,0.9518788
524,7/31/2021,16:47:44,25,51,255,0.1963275,0.0979349,0.954666
525,8/1/2021,17:47:44,25,76,255,0.210333,0.125946,0.9593345
526,8/2/2021,18:47:44,25,102,255,0.2320014,0.1692827,0.9665573
527,8/3/2021,19:47:44,25,127,255,0.2603801,0.2260402,0.9760169
528,8/4/2021,20:47:44,25,153,255,0.2983971,0.3020741,0.9886892
529,8/5/2021,21:47:44,25,178,255,0.3436867,0.3926534,1.0037857
530,8/6/2021,22:47:44,25,204,255,0.4004089,0.5060978,1.0226931
531,8/7/2021,23:47:44,25,229,255,0.4646706,0.6346211,1.0441137
532,8/8/2021,0:47:44,51,25,255,0.197609,0.086184,0.9523308
533,8/9/2021,1:47:44,51,51,255,0.2059706,0.1029072,0.955118
534,8/10/2021,2:47:44,51,76,255,0.2199762,0.1309182,0.9597865
535,8/11/2021,3:47:44,51,102,255,0.2416445,0.1742549,0.9670093
536,8/12/2021,4:47:44,51,127,255,0.2700233,0.2310125,0.9764689
537,8/13/2021,5:47:44,51,153,255,0.3080402,0.3070464,0.9891412
538,8/14/2021,6:47:44,51,178,255,0.3533299,0.3976256,1.0042378
539,8/15/2021,7:47:44,51,204,255,0.4100521,0.5110701,1.0231452
540,8/16/2021,8:47:44,51,229,255,0.4743137,0.6395934,1.0445657
541,8/17/2021,9:47:44,76,25,255,0.2137612,0.0945124,0.9530879
542,8/18/2021,10:47:44,76,51,255,0.2221228,0.1112356,0.9558751
543,8/19/2021,11:47:44,76,76,255,0.2361283,0.1392467,0.9605437
544,8/20/2021,12:47:44,76,102,255,0.2577967,0.1825834,0.9677664
545,8/21/2021,13:47:44,76,127,255,0.2861754,0.2393409,0.977226
546,8/22/2021,14:47:44,76,153,255,0.3241924,0.3153748,0.9898983
547,8/23/2021,15:47:44,76,178,255,0.369482,0.4059541,1.0049949
548,8/24/2021,16:47:44,76,204,255,0.4262042,0.5193985,1.0239023
549,8/25/2021,17:47:44,76,229,255,0.4904659,0.6479218,1.0453228
550,8/26/2021,18:47:44,102,25,255,0.2387506,0.1073976,0.9542593
551,8/27/2021,19:47:44,102,51,255,0.2471122,0.1241208,0.9570465
552,8/28/2021,20:47:44,102,76,255,0.2611177,0.1521319,0.961715
553,8/29/2021,21:47:44,102,102,255,0.2827861,0.1954686,0.9689378
554,8/30/2021,22:47:44,102,127,255,0.3111649,0.2522261,0.9783974
555,8/31/2021,23:47:44,102,153,255,0.3491818,0.32826,0.9910697
556,9/1/2021,0:47:44,102,178,255,0.3944714,0.4188393,1.0061663
557,9/2/2021,1:47:44,102,204,255,0.4511937,0.5322837,1.0250737
558,9/3/2021,2:47:44,102,229,255,0.5154553,0.660807,1.0464942
559,9/4/2021,3:47:44,127,25,255,0.271479,0.1242732,0.9557935
560,9/5/2021,4:47:44,127,51,255,0.2798405,0.1409963,0.9585807
561,9/6/2021,5:47:44,127,76,255,0.2938461,0.1690074,0.9632492
562,9/7/2021,6:47:44,127,102,255,0.3155144,0.2123441,0.970472
563,9/8/2021,7:47:44,127,127,255,0.3438932,0.2691016,0.9799315
564,9/9/2021,8:47:44,127,153,255,0.3819101,0.3451355,0.9926039
565,9/10/2021,9:47:44,127,178,255,0.4271998,0.4357148,1.0077004
566,9/11/2021,10:47:44,127,204,255,0.483922,0.5491593,1.0266078
567,9/12/2021,11:47:44,127,229,255,0.5481836,0.6776825,1.0480284
568,9/13/2021,12:47:44,153,25,255,0.3153227,0.1468801,0.9578486
569,9/14/2021,13:47:44,153,51,255,0.3236843,0.1636033,0.9606358
570,9/15/2021,14:47:44,153,76,255,0.3376898,0.1916143,0.9653043
571,9/16/2021,15:47:44,153,102,255,0.3593582,0.234951,0.9725271
572,9/17/2021,16:47:44,153,127,255,0.3877369,0.2917086,0.9819867
573,9/18/2021,17:47:44,153,153,255,0.4257539,0.3677425,0.994659
574,9/19/2021,18:47:44,153,178,255,0.4710435,0.4583217,1.0097556
575,9/20/2021,19:47:44,153,204,255,0.5277657,0.5717662,1.028663
576,9/21/2021,20:47:44,153,229,255,0.5920274,0.7002895,1.0500835
577,9/22/2021,21:47:44,178,25,255,0.3675538,0.1738118,0.960297
578,9/23/2021,22:47:44,178,51,255,0.3759154,0.1905349,0.9630842
579,9/24/2021,23:47:44,178,76,255,0.3899209,0.218546,0.9677527
580,9/25/2021,0:47:44,178,102,255,0.4115893,0.2618827,0.9749755
581,9/26/2021,1:47:44,178,127,255,0.4399681,0.3186402,0.9844351
582,9/27/2021,2:47:44,178,153,255,0.477985,0.3946741,0.9971074
583,9/28/2021,3:47:44,178,178,255,0.5232746,0.4852534,1.0122039
584,9/29/2021,4:47:44,178,204,255,0.5799969,0.5986979,1.0311113
585,9/30/2021,5:47:44,178,229,255,0.6442585,0.7272211,1.0525319
586,10/1/2021,6:47:44,204,25,255,0.4329698,0.2075419,0.9633633
587,10/2/2021,7:47:44,204,51,255,0.4413314,0.2242651,0.9661505
588,10/3/2021,8:47:44,204,76,255,0.4553369,0.2522761,0.9708191
589,10/4/2021,9:47:44,204,102,255,0.4770053,0.2956128,0.9780418
590,10/5/2021,10:47:44,204,127,255,0.505384,0.3523704,0.9875014
591,10/6/2021,11:47:44,204,153,255,0.543401,0.4284042,1.0001737
592,10/7/2021,12:47:44,204,178,255,0.5886906,0.5189835,1.0152703
593,10/8/2021,13:47:44,204,204,255,0.6454128,0.632428,1.0341777
594,10/9/2021,14:47:44,204,229,255,0.7096745,0.7609512,1.0555982
595,10/10/2021,15:47:44,229,25,255,0.5070807,0.2457553,0.9668373
596,10/11/2021,16:47:44,229,51,255,0.5154423,0.2624785,0.9696245
597,10/12/2021,17:47:44,229,76,255,0.5294478,0.2904896,0.974293
598,10/13/2021,18:47:44,229,102,255,0.5511162,0.3338263,0.9815158
599,10/14/2021,19:47:44,229,127,255,0.579495,0.3905838,0.9909754
600,10/15/2021,20:47:44,229,153,255,0.6175119,0.4666177,1.0036477
601,10/16/2021,21:47:44,229,178,255,0.6628015,0.557197,1.0187442
602,10/17/2021,22:47:44,229,204,255,0.7195238,0.6706414,1.0376516
603,10/18/2021,23:47:44,229,229,255,0.7837854,0.7991647,1.0590722
